{
  "Delete hero" : {
    "transaction" : "Delete hero",
    "sampleCount" : 20000,
    "errorCount" : 0,
    "errorPct" : 0.0,
    "meanResTime" : 35.35969999999994,
    "medianResTime" : 6.0,
    "minResTime" : 0.0,
    "maxResTime" : 858.0,
    "pct1ResTime" : 40.0,
    "pct2ResTime" : 205.0,
    "pct3ResTime" : 557.0,
    "throughput" : 310.0390649221802,
    "receivedKBytesPerSec" : 75.39035856017858,
    "sentKBytesPerSec" : 73.27095088981213
  },
  "Change hero" : {
    "transaction" : "Change hero",
    "sampleCount" : 20000,
    "errorCount" : 0,
    "errorPct" : 0.0,
    "meanResTime" : 36.98495000000041,
    "medianResTime" : 6.0,
    "minResTime" : 0.0,
    "maxResTime" : 1225.0,
    "pct1ResTime" : 37.0,
    "pct2ResTime" : 207.0,
    "pct3ResTime" : 552.0,
    "throughput" : 309.01393652853744,
    "receivedKBytesPerSec" : 43.75685624671673,
    "sentKBytesPerSec" : 77.54418054332376
  },
  "Total" : {
    "transaction" : "Total",
    "sampleCount" : 100000,
    "errorCount" : 1570,
    "errorPct" : 1.57,
    "meanResTime" : 1055.652289999995,
    "medianResTime" : 5.0,
    "minResTime" : 0.0,
    "maxResTime" : 33658.0,
    "pct1ResTime" : 26.0,
    "pct2ResTime" : 30030.0,
    "pct3ResTime" : 33059.990000000005,
    "throughput" : 1514.5548723230243,
    "receivedKBytesPerSec" : 384.095049914049,
    "sentKBytesPerSec" : 328.5944380575455
  },
  "Get hero by ID" : {
    "transaction" : "Get hero by ID",
    "sampleCount" : 20000,
    "errorCount" : 327,
    "errorPct" : 1.635,
    "meanResTime" : 582.9563499999996,
    "medianResTime" : 9.0,
    "minResTime" : 0.0,
    "maxResTime" : 30098.0,
    "pct1ResTime" : 245.0,
    "pct2ResTime" : 760.8000000000029,
    "pct3ResTime" : 30035.0,
    "throughput" : 308.0335140463282,
    "receivedKBytesPerSec" : 69.74712012729485,
    "sentKBytesPerSec" : 63.9134647224618
  },
  "HTTP Request Get all heroes" : {
    "transaction" : "HTTP Request Get all heroes",
    "sampleCount" : 20000,
    "errorCount" : 1243,
    "errorPct" : 6.215,
    "meanResTime" : 4579.3663,
    "medianResTime" : 9.0,
    "minResTime" : 1.0,
    "maxResTime" : 33658.0,
    "pct1ResTime" : 19930.0,
    "pct2ResTime" : 30120.0,
    "pct3ResTime" : 33059.990000000005,
    "throughput" : 302.929326588107,
    "receivedKBytesPerSec" : 129.4502211384084,
    "sentKBytesPerSec" : 42.72631778990336
  },
  "HTTP Request Make hero" : {
    "transaction" : "HTTP Request Make hero",
    "sampleCount" : 20000,
    "errorCount" : 0,
    "errorPct" : 0.0,
    "meanResTime" : 43.59415000000011,
    "medianResTime" : 7.0,
    "minResTime" : 0.0,
    "maxResTime" : 1345.0,
    "pct1ResTime" : 52.0,
    "pct2ResTime" : 269.90000000000146,
    "pct3ResTime" : 558.9900000000016,
    "throughput" : 308.43254580223305,
    "receivedKBytesPerSec" : 70.7828596323484,
    "sentKBytesPerSec" : 76.7958334377506
  }
}