{
  "Delete hero" : {
    "transaction" : "Delete hero",
    "sampleCount" : 20000,
    "errorCount" : 3,
    "errorPct" : 0.015,
    "meanResTime" : 144.0090000000011,
    "medianResTime" : 6.0,
    "minResTime" : 1.0,
    "maxResTime" : 2111.0,
    "pct1ResTime" : 462.0,
    "pct2ResTime" : 855.9500000000007,
    "pct3ResTime" : 1133.0,
    "throughput" : 500.56313352521585,
    "receivedKBytesPerSec" : 121.89355114347391,
    "sentKBytesPerSec" : 118.2794022181204
  },
  "Change hero" : {
    "transaction" : "Change hero",
    "sampleCount" : 20000,
    "errorCount" : 3,
    "errorPct" : 0.015,
    "meanResTime" : 149.52614999999994,
    "medianResTime" : 7.0,
    "minResTime" : 0.0,
    "maxResTime" : 11783.0,
    "pct1ResTime" : 439.0,
    "pct2ResTime" : 870.0,
    "pct3ResTime" : 1186.9900000000016,
    "throughput" : 497.52481405010076,
    "receivedKBytesPerSec" : 70.63139688642752,
    "sentKBytesPerSec" : 124.82977752089604
  },
  "Total" : {
    "transaction" : "Total",
    "sampleCount" : 100000,
    "errorCount" : 2203,
    "errorPct" : 2.203,
    "meanResTime" : 1084.9203499999858,
    "medianResTime" : 5.0,
    "minResTime" : 0.0,
    "maxResTime" : 30726.0,
    "pct1ResTime" : 14.0,
    "pct2ResTime" : 3602.0,
    "pct3ResTime" : 30426.0,
    "throughput" : 2417.61961173029,
    "receivedKBytesPerSec" : 744.5404530090298,
    "sentKBytesPerSec" : 522.6627520746198
  },
  "Get hero by ID" : {
    "transaction" : "Get hero by ID",
    "sampleCount" : 20000,
    "errorCount" : 6,
    "errorPct" : 0.03,
    "meanResTime" : 583.6039999999966,
    "medianResTime" : 10.0,
    "minResTime" : 0.0,
    "maxResTime" : 18305.0,
    "pct1ResTime" : 1907.0,
    "pct2ResTime" : 3011.7000000000044,
    "pct3ResTime" : 8355.94000000001,
    "throughput" : 495.87186670964223,
    "receivedKBytesPerSec" : 93.33015536285424,
    "sentKBytesPerSec" : 104.56659249249994
  },
  "HTTP Request Get all heroes" : {
    "transaction" : "HTTP Request Get all heroes",
    "sampleCount" : 20000,
    "errorCount" : 2186,
    "errorPct" : 10.93,
    "meanResTime" : 4398.871849999992,
    "medianResTime" : 16.0,
    "minResTime" : 1.0,
    "maxResTime" : 30726.0,
    "pct1ResTime" : 18964.900000000016,
    "pct2ResTime" : 30159.0,
    "pct3ResTime" : 30526.0,
    "throughput" : 483.570685945018,
    "receivedKBytesPerSec" : 355.9330534164269,
    "sentKBytesPerSec" : 64.77571009332914
  },
  "HTTP Request Make hero" : {
    "transaction" : "HTTP Request Make hero",
    "sampleCount" : 20000,
    "errorCount" : 5,
    "errorPct" : 0.025,
    "meanResTime" : 148.59074999999916,
    "medianResTime" : 9.0,
    "minResTime" : 0.0,
    "maxResTime" : 11687.0,
    "pct1ResTime" : 421.0,
    "pct2ResTime" : 858.7500000000036,
    "pct3ResTime" : 1317.9600000000064,
    "throughput" : 496.27791563275434,
    "receivedKBytesPerSec" : 114.18208649968983,
    "sentKBytesPerSec" : 123.5352531792804
  }
}