{
  "Delete hero" : {
    "transaction" : "Delete hero",
    "sampleCount" : 20000,
    "errorCount" : 0,
    "errorPct" : 0.0,
    "meanResTime" : 22.363249999999955,
    "medianResTime" : 6.0,
    "minResTime" : 1.0,
    "maxResTime" : 1099.0,
    "pct1ResTime" : 33.0,
    "pct2ResTime" : 88.0,
    "pct3ResTime" : 367.0,
    "throughput" : 311.73527440497526,
    "receivedKBytesPerSec" : 75.80281574886607,
    "sentKBytesPerSec" : 73.6718128964883
  },
  "Change hero" : {
    "transaction" : "Change hero",
    "sampleCount" : 20000,
    "errorCount" : 0,
    "errorPct" : 0.0,
    "meanResTime" : 24.04779999999992,
    "medianResTime" : 6.0,
    "minResTime" : 0.0,
    "maxResTime" : 1167.0,
    "pct1ResTime" : 32.0,
    "pct2ResTime" : 98.95000000000073,
    "pct3ResTime" : 364.9900000000016,
    "throughput" : 310.9936246306951,
    "receivedKBytesPerSec" : 44.037183175244905,
    "sentKBytesPerSec" : 78.03967416128907
  },
  "Total" : {
    "transaction" : "Total",
    "sampleCount" : 100000,
    "errorCount" : 1908,
    "errorPct" : 1.908,
    "meanResTime" : 1113.4826799999914,
    "medianResTime" : 6.0,
    "minResTime" : 0.0,
    "maxResTime" : 37194.0,
    "pct1ResTime" : 13.0,
    "pct2ResTime" : 2421.800000000003,
    "pct3ResTime" : 35496.97,
    "throughput" : 1531.3466662583076,
    "receivedKBytesPerSec" : 395.9593653573014,
    "sentKBytesPerSec" : 331.52586073646285
  },
  "Get hero by ID" : {
    "transaction" : "Get hero by ID",
    "sampleCount" : 20000,
    "errorCount" : 254,
    "errorPct" : 1.27,
    "meanResTime" : 535.972299999999,
    "medianResTime" : 8.0,
    "minResTime" : 0.0,
    "maxResTime" : 30056.0,
    "pct1ResTime" : 216.0,
    "pct2ResTime" : 1365.7500000000036,
    "pct3ResTime" : 30016.0,
    "throughput" : 309.16679548616474,
    "receivedKBytesPerSec" : 67.31702397974958,
    "sentKBytesPerSec" : 64.38664206214253
  },
  "HTTP Request Get all heroes" : {
    "transaction" : "HTTP Request Get all heroes",
    "sampleCount" : 20000,
    "errorCount" : 1654,
    "errorPct" : 8.27,
    "meanResTime" : 4948.263800000019,
    "medianResTime" : 8.0,
    "minResTime" : 0.0,
    "maxResTime" : 37194.0,
    "pct1ResTime" : 21470.100000000042,
    "pct2ResTime" : 30136.0,
    "pct3ResTime" : 35496.97,
    "throughput" : 306.2880945817636,
    "receivedKBytesPerSec" : 141.15354138430732,
    "sentKBytesPerSec" : 42.25345961974333
  },
  "HTTP Request Make hero" : {
    "transaction" : "HTTP Request Make hero",
    "sampleCount" : 20000,
    "errorCount" : 0,
    "errorPct" : 0.0,
    "meanResTime" : 36.76624999999994,
    "medianResTime" : 7.0,
    "minResTime" : 0.0,
    "maxResTime" : 1632.0,
    "pct1ResTime" : 33.0,
    "pct2ResTime" : 164.0,
    "pct3ResTime" : 715.0,
    "throughput" : 310.47704798422774,
    "receivedKBytesPerSec" : 71.25205691044289,
    "sentKBytesPerSec" : 77.30520718521508
  }
}