{
  "Delete hero" : {
    "transaction" : "Delete hero",
    "sampleCount" : 20000,
    "errorCount" : 0,
    "errorPct" : 0.0,
    "meanResTime" : 28.32539999999996,
    "medianResTime" : 6.0,
    "minResTime" : 0.0,
    "maxResTime" : 1639.0,
    "pct1ResTime" : 38.0,
    "pct2ResTime" : 185.0,
    "pct3ResTime" : 382.9900000000016,
    "throughput" : 510.45149434674977,
    "receivedKBytesPerSec" : 124.12345907455145,
    "sentKBytesPerSec" : 120.63404456241547
  },
  "Change hero" : {
    "transaction" : "Change hero",
    "sampleCount" : 20000,
    "errorCount" : 0,
    "errorPct" : 0.0,
    "meanResTime" : 29.61480000000002,
    "medianResTime" : 6.0,
    "minResTime" : 0.0,
    "maxResTime" : 1563.0,
    "pct1ResTime" : 38.0,
    "pct2ResTime" : 202.95000000000073,
    "pct3ResTime" : 395.0,
    "throughput" : 505.62507900391864,
    "receivedKBytesPerSec" : 71.59730122614081,
    "sentKBytesPerSec" : 126.8802438850967
  },
  "Total" : {
    "transaction" : "Total",
    "sampleCount" : 100000,
    "errorCount" : 1001,
    "errorPct" : 1.001,
    "meanResTime" : 962.107510000012,
    "medianResTime" : 6.0,
    "minResTime" : 0.0,
    "maxResTime" : 34826.0,
    "pct1ResTime" : 22.0,
    "pct2ResTime" : 2197.600000000719,
    "pct3ResTime" : 34081.98,
    "throughput" : 2464.1466660095607,
    "receivedKBytesPerSec" : 592.5001674849686,
    "sentKBytesPerSec" : 537.2097456615618
  },
  "Get hero by ID" : {
    "transaction" : "Get hero by ID",
    "sampleCount" : 20000,
    "errorCount" : 0,
    "errorPct" : 0.0,
    "meanResTime" : 112.31649999999965,
    "medianResTime" : 9.0,
    "minResTime" : 0.0,
    "maxResTime" : 7694.0,
    "pct1ResTime" : 182.0,
    "pct2ResTime" : 472.9500000000007,
    "pct3ResTime" : 2599.950000000008,
    "throughput" : 499.22619939094403,
    "receivedKBytesPerSec" : 93.60491238580201,
    "sentKBytesPerSec" : 105.30552643402726
  },
  "HTTP Request Get all heroes" : {
    "transaction" : "HTTP Request Get all heroes",
    "sampleCount" : 20000,
    "errorCount" : 1001,
    "errorPct" : 5.005,
    "meanResTime" : 4608.625549999989,
    "medianResTime" : 10.0,
    "minResTime" : 0.0,
    "maxResTime" : 34826.0,
    "pct1ResTime" : 19685.800000000003,
    "pct2ResTime" : 30092.0,
    "pct3ResTime" : 34081.98,
    "throughput" : 492.8779141406673,
    "receivedKBytesPerSec" : 197.38985526332002,
    "sentKBytesPerSec" : 70.41430046761792
  },
  "HTTP Request Make hero" : {
    "transaction" : "HTTP Request Make hero",
    "sampleCount" : 20000,
    "errorCount" : 0,
    "errorPct" : 0.0,
    "meanResTime" : 31.655300000000107,
    "medianResTime" : 7.0,
    "minResTime" : 0.0,
    "maxResTime" : 909.0,
    "pct1ResTime" : 38.0,
    "pct2ResTime" : 224.0,
    "pct3ResTime" : 424.9600000000064,
    "throughput" : 502.9042721717921,
    "receivedKBytesPerSec" : 115.41260152379995,
    "sentKBytesPerSec" : 125.2159689000855
  }
}