{
  "Delete hero" : {
    "transaction" : "Delete hero",
    "sampleCount" : 20000,
    "errorCount" : 0,
    "errorPct" : 0.0,
    "meanResTime" : 190.9416500000017,
    "medianResTime" : 7.0,
    "minResTime" : 0.0,
    "maxResTime" : 2004.0,
    "pct1ResTime" : 555.0,
    "pct2ResTime" : 927.0,
    "pct3ResTime" : 1037.9800000000032,
    "throughput" : 325.83372704908686,
    "receivedKBytesPerSec" : 79.2310527687721,
    "sentKBytesPerSec" : 77.00367377527247
  },
  "Change hero" : {
    "transaction" : "Change hero",
    "sampleCount" : 20000,
    "errorCount" : 0,
    "errorPct" : 0.0,
    "meanResTime" : 197.53519999999943,
    "medianResTime" : 8.0,
    "minResTime" : 0.0,
    "maxResTime" : 2047.0,
    "pct1ResTime" : 560.0,
    "pct2ResTime" : 942.0,
    "pct3ResTime" : 1208.0,
    "throughput" : 325.1398101183509,
    "receivedKBytesPerSec" : 46.0403051437118,
    "sentKBytesPerSec" : 81.59031088446157
  },
  "Total" : {
    "transaction" : "Total",
    "sampleCount" : 100000,
    "errorCount" : 2229,
    "errorPct" : 2.229,
    "meanResTime" : 1180.87361999999,
    "medianResTime" : 5.0,
    "minResTime" : 0.0,
    "maxResTime" : 32617.0,
    "pct1ResTime" : 18.0,
    "pct2ResTime" : 3367.800000000003,
    "pct3ResTime" : 30158.0,
    "throughput" : 1578.0088684098405,
    "receivedKBytesPerSec" : 501.11869116985685,
    "sentKBytesPerSec" : 340.7623545766202
  },
  "Get hero by ID" : {
    "transaction" : "Get hero by ID",
    "sampleCount" : 20000,
    "errorCount" : 363,
    "errorPct" : 1.815,
    "meanResTime" : 903.3761499999989,
    "medianResTime" : 12.0,
    "minResTime" : 0.0,
    "maxResTime" : 30117.0,
    "pct1ResTime" : 939.0,
    "pct2ResTime" : 2635.9500000000007,
    "pct3ResTime" : 30045.0,
    "throughput" : 323.72936225315635,
    "receivedKBytesPerSec" : 74.68844210302687,
    "sentKBytesPerSec" : 67.04725942861768
  },
  "HTTP Request Get all heroes" : {
    "transaction" : "HTTP Request Get all heroes",
    "sampleCount" : 20000,
    "errorCount" : 1866,
    "errorPct" : 9.33,
    "meanResTime" : 4395.735800000013,
    "medianResTime" : 25.0,
    "minResTime" : 0.0,
    "maxResTime" : 32617.0,
    "pct1ResTime" : 18939.500000000007,
    "pct2ResTime" : 30199.0,
    "pct3ResTime" : 31129.0,
    "throughput" : 315.6167150612296,
    "receivedKBytesPerSec" : 234.4556302076758,
    "sentKBytesPerSec" : 43.0372363614127
  },
  "HTTP Request Make hero" : {
    "transaction" : "HTTP Request Make hero",
    "sampleCount" : 20000,
    "errorCount" : 0,
    "errorPct" : 0.0,
    "meanResTime" : 216.77929999999765,
    "medianResTime" : 10.0,
    "minResTime" : 0.0,
    "maxResTime" : 2093.0,
    "pct1ResTime" : 643.0,
    "pct2ResTime" : 896.0,
    "pct3ResTime" : 1883.0,
    "throughput" : 324.43831616513916,
    "receivedKBytesPerSec" : 74.45605888555438,
    "sentKBytesPerSec" : 80.78095851245031
  }
}