{
  "Delete hero" : {
    "transaction" : "Delete hero",
    "sampleCount" : 20000,
    "errorCount" : 467,
    "errorPct" : 2.335,
    "meanResTime" : 38.74240000000036,
    "medianResTime" : 6.0,
    "minResTime" : 0.0,
    "maxResTime" : 10422.0,
    "pct1ResTime" : 42.0,
    "pct2ResTime" : 189.95000000000073,
    "pct3ResTime" : 460.900000000016,
    "throughput" : 330.87931177103155,
    "receivedKBytesPerSec" : 98.40594690938043,
    "sentKBytesPerSec" : 76.37020871246588
  },
  "Change hero" : {
    "transaction" : "Change hero",
    "sampleCount" : 20000,
    "errorCount" : 486,
    "errorPct" : 2.43,
    "meanResTime" : 38.98900000000005,
    "medianResTime" : 6.0,
    "minResTime" : 0.0,
    "maxResTime" : 10415.0,
    "pct1ResTime" : 40.0,
    "pct2ResTime" : 187.0,
    "pct3ResTime" : 476.9900000000016,
    "throughput" : 327.16089772950335,
    "receivedKBytesPerSec" : 65.61924273498332,
    "sentKBytesPerSec" : 80.103141306926
  },
  "Total" : {
    "transaction" : "Total",
    "sampleCount" : 100000,
    "errorCount" : 4721,
    "errorPct" : 4.721,
    "meanResTime" : 1116.4900100000145,
    "medianResTime" : 5.0,
    "minResTime" : 0.0,
    "maxResTime" : 35940.0,
    "pct1ResTime" : 40.0,
    "pct2ResTime" : 2101.7500000000036,
    "pct3ResTime" : 30045.0,
    "throughput" : 1609.4506944779748,
    "receivedKBytesPerSec" : 524.1754897256691,
    "sentKBytesPerSec" : 338.9851300587047
  },
  "Get hero by ID" : {
    "transaction" : "Get hero by ID",
    "sampleCount" : 20000,
    "errorCount" : 674,
    "errorPct" : 3.37,
    "meanResTime" : 561.2746000000012,
    "medianResTime" : 7.0,
    "minResTime" : 0.0,
    "maxResTime" : 30096.0,
    "pct1ResTime" : 1032.0,
    "pct2ResTime" : 2884.800000000003,
    "pct3ResTime" : 5310.0,
    "throughput" : 325.6162287128391,
    "receivedKBytesPerSec" : 87.17970683346358,
    "sentKBytesPerSec" : 66.36999975578783
  },
  "HTTP Request Get all heroes" : {
    "transaction" : "HTTP Request Get all heroes",
    "sampleCount" : 20000,
    "errorCount" : 2590,
    "errorPct" : 12.95,
    "meanResTime" : 4897.20275,
    "medianResTime" : 8.0,
    "minResTime" : 1.0,
    "maxResTime" : 35940.0,
    "pct1ResTime" : 30007.0,
    "pct2ResTime" : 30117.0,
    "pct3ResTime" : 30878.0,
    "throughput" : 321.90050055527837,
    "receivedKBytesPerSec" : 184.8614689879046,
    "sentKBytesPerSec" : 42.14161660443257
  },
  "HTTP Request Make hero" : {
    "transaction" : "HTTP Request Make hero",
    "sampleCount" : 20000,
    "errorCount" : 504,
    "errorPct" : 2.52,
    "meanResTime" : 46.24130000000046,
    "medianResTime" : 7.0,
    "minResTime" : 0.0,
    "maxResTime" : 10391.0,
    "pct1ResTime" : 47.900000000001455,
    "pct2ResTime" : 219.0,
    "pct3ResTime" : 916.9800000000032,
    "throughput" : 326.81874632328913,
    "receivedKBytesPerSec" : 94.26486718903196,
    "sentKBytesPerSec" : 79.32253218653997
  }
}